Product name,Price
Astra Militarum Death Korps of Krieg,395 kr
Astra Militarum Krieg Heavy Weapons Squad,395 kr
Astra Militarum Krieg Command Squad,355 kr
"Fortsättningskurs i figurmålning, söndag 9:e februari                                                                                                                                                (Skickas ej)",325 kr
Magic the Gathering: Aetherdrift At-Home Prerelease                                                                                                                                                (Skickas ej),449 kr
Imperium Maledictum: Starter Set,389 kr
Heroes of Barcadia (Kickstarter Ed.),1199 kr
Faraway (sv. regler),235 kr
Magic The Gathering: Innistrad Remastered Play Booster Display (36),2549 kr
